{
    "$schema": "https://schema.management.azure.com/schemas/2015-01-01/deploymentParameters.json#",
    "contentVersion": "1.0.0.0",
    "parameters": {
        "location": {
            "value": "westus"
        },
        "storageAccountName": {
            "value": "divya"
        },
        "accountType": {
            "value": "Standard_RAGRS"
        },
        "kind": {
            "value": "StorageV2"
        },
        "accessTier": {
            "value": "Hot"
        },
        "supportsHttpsTrafficOnly": {
            "value": true
        }
    }
}